{"train_loss": [0.020558113643407424, 0.01911668136504083, 0.018958143189075998, 0.01884113972302663, 0.018733320119214497], "val_loss": [0.019395272302276948, 0.019127216957071248, 0.01911046575097477, 0.01896313501193243, 0.019092152004732806]}