{"train_loss": [0.020671571330805886, 0.019087841117561462, 0.018937898681414964, 0.018843268246754356, 0.018743589831933527], "val_loss": [0.02017187885940075, 0.020011127542923477, 0.019941798137391314, 0.01992124362903483, 0.01993982165175326]}